Model,R²,RMSE,Correlation
Traditional EVC,-3.359075676458139,0.38367447474934824,0.05748282731924646
Bayesian EVC,-1.6746395503021225,0.30053726788928437,0.19563274297195354
